,Strike,GBM Black-Scholes,GBM Monte Carlo,GBM Fourier Inversion,GBM Modified Call,GBM Fast-Fourier Transform,VG Analytic,VG Monte Carlo,VG Fourier Inversion,VG Modified Call,VG Fast-Fourier Transform
0,50.134980131917914,52.3176268099633,53.75254400299225,52.317626809963315,52.31762680996335,52.317626592883286,52.83792072568455,52.7944870896996,52.66545550834841,52.65746951090734,52.65751026074176
1,50.443550230290164,52.024800938380295,52.18754170924393,52.024800938380324,52.02480093838037,52.02480072130028,52.56235546670938,53.582036838936524,52.39461471520485,52.3729057567464,52.372801382806934
2,50.754019511734974,51.73022824136048,52.976445279212136,51.730228241360514,51.73022824136053,51.73022802428044,52.28558598748355,51.70899184162773,52.03153159572436,52.08636862054732,52.086513740415036
3,51.066399665318656,51.4339022777357,51.835661513203405,51.433902277735726,51.43390227773578,51.43390206065566,52.00762090879003,51.72566658340181,51.77311816887175,51.798628087202374,51.798642256992245
4,51.38070245205105,51.135816862909856,51.48097715540242,51.13581686290988,51.13581686290992,51.135816645829884,51.72846940380491,52.37654257204619,51.53786354667652,51.50908675248418,51.50918195369565
5,51.696939705329044,50.8359660875066,50.19926133949972,50.83596608750661,50.83596608750664,50.835965870426605,51.448141215680664,51.203542846962456,51.20661072742385,51.218076050332826,51.218127953800305
6,52.01512333138103,50.53434433685629,49.52835149591005,50.53434433685633,50.53434433685635,50.534344119776286,51.16664667555242,51.72043875128824,50.91757927484428,50.9255635370106,50.925475487236206
7,52.33526530971585,50.230946311334385,49.61707309491463,50.23094631133442,50.230946311334456,50.23094609425439,50.88399672097299,51.531673030674426,50.35764047675618,50.63119840416957,50.63121989527453
8,52.65737769357368,49.92576704756824,49.591397603445714,49.925767047568286,49.925767047568286,49.925766830488215,50.6002029147777,50.065112252150044,50.33609692628966,50.33524941945999,50.3353566353729
9,52.98147261037962,49.618801940524754,48.970754067921526,49.61880194052468,49.618801940524776,49.618801723444804,50.31527746438318,50.114760841479814,50.059338645698844,50.03786938345941,50.03788128618365
10,53.30756226220105,49.310046766489194,47.724737089652024,49.310046766489116,49.31004676648922,49.310046549409236,50.029233241519606,49.835352383556106,49.70326468635995,49.738757729441865,49.73878955272976
11,53.63565892620591,48.999497706947146,50.005477842820056,48.99949770694706,48.999497706947174,48.999497489867174,49.742083802398724,48.07759438782595,49.45468594079003,49.43808307649666,49.43807727175796
12,53.965774955125674,48.68715137337357,48.59387302094992,48.6871513733736,48.68715137337359,48.68715115629358,49.453843408315855,48.62260658134633,49.16102859815541,49.13577633014532,49.13574041727049
13,54.29792277772024,48.37300483293699,49.923547361298596,48.373004832937035,48.37300483293701,48.373004615857,49.164527046688775,47.07880937797406,48.833395886833806,48.831766311212085,48.83177510624571
14,54.63211489924585,48.057055635120435,46.839561403993784,48.05705563512048,48.05705563512045,48.057055418040406,48.87415045252357,48.16822158064039,48.819661521030454,48.52614919115897,48.526177604552586
15,54.96836390192576,47.739301839259745,47.04535067283275,47.739301839259774,47.73930183925975,47.739301622179774,48.58273013031586,48.66419175669885,48.404870121075845,48.21895131729378,48.21894433306691
16,55.306682445424705,47.419742042996134,48.589144594078064,47.41974204299618,47.41974204299615,47.41974182591617,48.29028337636833,47.67374334698307,47.89407265344631,47.91009640660643,47.91007187399481
17,55.64708326732436,47.09837541164004,46.46829974385164,47.09837541164007,47.09837541164007,47.09837519456007,47.99682830153459,47.31828734719485,47.5430439388532,47.59957791217283,47.59955697741509
18,55.98957918360369,46.77520170843438,46.508778360786906,46.77520170843441,46.77520170843438,46.77520149135438,47.70238385436835,48.17922355982657,47.30669620608363,47.28735300068612,47.287396568043256
19,56.334183089121275,46.45022132570825,46.51592356232765,46.45022132570848,46.45022132570826,46.450221108628256,47.40696984467671,47.809472190822895,46.96923308899565,46.9734819064648,46.973587752229214
20,56.680907958100605,46.123435316905415,46.04977547029548,46.123435316905656,46.123435316905436,46.123435099825464,47.11060696746464,46.62887095000245,46.678918240321394,46.65813571861574,46.658127825196175
21,57.02976684461934,45.794845429467316,44.36400006277778,45.794845429467536,45.79484542946733,45.794845212387365,46.81331682725664,46.35774271822614,46.32452432847871,46.34099586913765,46.34101427852841
22,57.380772883099596,45.46445413855161,45.495590575769405,45.46445413855162,45.46445413855168,45.46445392147164,46.515121962782935,47.15331559448529,46.024196377058395,46.02224610794299,46.02224480792086
23,57.733939288803256,45.13226468155567,45.77647325230434,45.13226468155568,45.13226468155574,45.13226446447569,46.216045872011115,45.833335582853955,45.700416840118756,45.701766494850105,45.70181732119585
24,58.08927935832932,44.79828109341749,44.38515418059406,44.79828109341747,44.79828109341758,44.79828087633753,45.916113037503095,44.216984832648045,45.39222034016468,45.37973288832001,45.37972994660023
25,58.44680647011452,44.46250824265826,45.20044954870397,44.46250824265825,44.46250824265832,44.462508025578266,45.61534895207603,45.012144485513964,45.49822886663397,45.055993218963444,45.05598104139267
26,58.806534084936786,44.12495186812742,42.29303177220264,44.12495186812741,44.12495186812748,44.12495165104747,45.313780144741266,44.689012749123016,44.727334861599935,44.73064950745051,44.73056920073261
27,59.168475746422914,43.78561861640597,43.4699479308023,43.785618616405955,43.78561861640603,43.78561839932601,45.01143420688872,44.58365801018436,44.391067111323096,44.403515012183504,44.40349326688077
28,59.53264508155717,43.44451607982214,42.463548766491805,43.44451607982213,43.444516079822144,43.44451586274218,44.708339818690696,43.46143967158363,44.10121463420779,44.0748242705616,44.07475233872755
29,59.899055801195246,43.10165283502265,44.22481121797279,43.101652835022655,43.101652835022655,43.10165261794269,44.40452677568102,43.278132214615034,43.74850833810701,43.74433550736445,43.74434578165674
30,60.26772170058019,42.75703848204462,42.6683794115256,42.75703848204461,42.757038482044635,42.757038264964656,44.100026015474505,43.63133116584167,43.41496091619173,43.412221536843425,43.41227323776183
31,60.63865665986163,42.41068368382424,43.339041944104856,42.41068368382427,42.41068368382425,42.4106834667443,43.794869644574554,43.36781157681819,43.08736995330206,43.07848477554752,43.0785346364275
32,61.01187464461919,42.06260020607333,42.6456937501378,42.062600206073334,42.06260020607335,42.062599988993384,43.489090965224754,41.04223825265327,42.753297333173784,42.74314567633046,42.74313020528971
33,61.38738970638701,41.71280095745403,43.01844957768303,41.71280095745406,41.71280095745404,41.71280074037409,43.18272450224227,42.244331743591594,42.396059994825904,42.40606679707238,42.406060481593265
34,61.765215983183644,41.361300029969584,40.41351821458128,41.361300029969605,41.36130002996959,41.361299812889634,42.875806029775376,42.8895793823951,42.10178244227575,42.06726196389291,42.0673263239582
35,62.14536770004412,41.00811273949119,41.38561112670001,41.00811273949121,41.00811273949121,41.008112522411245,42.5683725979085,42.352370412631686,41.71741572107004,41.72696269359539,41.72692892457524
36,62.52785916955552,40.653255666331795,40.10589027266091,40.653255666331795,40.6532556663318,40.65325544925184,42.26046255904664,40.78444326785205,41.397031794813515,41.384911298626,41.38486982184661
37,62.91270479239564,40.29674669577382,40.102425614443035,40.29674669577385,40.29674669577384,40.29674647869389,41.95211559398464,41.620576156280414,41.03886582459466,41.04118159177359,41.04115091349095
38,63.29991905787602,39.938605058452026,40.72449371622672,39.93860505845202,39.93860505845204,39.9386048413721,41.64337273758373,39.78031311562033,40.70689823214636,40.69577458751505,40.69577447013078
39,63.68951654448615,39.57885137049105,39.835772402688896,39.578851370491044,39.578851370491066,39.57885115341112,41.334276403928975,41.09158666968947,40.33873927059807,40.348766832115146,40.348743149385825
40,64.08151192044326,39.217507673286335,38.7025275358482,39.217507673286335,39.21750767328635,39.21750745620641,41.024870410878776,39.20286853548966,39.99662015638983,40.00024491958355,40.000060010489385
41,64.4759199442443,38.854597472818874,38.836723332049715,38.854597472818895,38.854597472818895,38.85459725573896,40.715200003860595,39.38454497953222,39.65503577905281,39.649721809808426,39.64972852945344
42,64.87275546522139,38.490145778385994,37.957746658007395,38.49014577838601,38.49014577838602,38.49014556130607,40.4053118788009,38.866400727506196,39.291704396662915,39.2977192079862,39.2977526148053
43,65.27203342410179,38.12417914062615,38.62969227532737,38.124179140626175,38.12417914062616,38.124178923546225,40.09525420399802,39.10435077957276,38.938762741542284,38.94412859358371,38.94413662391921
44,65.67376885356913,37.75672568871549,37.204753170385885,37.75672568871549,37.756725688715505,37.75672547163557,39.785076640827654,39.10318249087821,38.61662340227349,38.58889599937358,38.588885379972886
45,66.07797687883013,37.38781516660339,36.52633527513016,37.38781516660341,37.3878151666034,37.38781494952348,39.4748303630434,38.30799138101489,38.23788505129186,38.232006058610224,38.23200418955179
46,66.484672718184,37.01747896815722,35.833146315907825,37.01747896815723,37.017478968157235,37.017478751077306,39.16456807452489,38.751535060826924,37.86934552269257,37.87346151839571,37.87349886093376
47,66.89387168359531,36.64575017107963,37.703200615466685,36.64575017107965,36.64575017107964,36.64574995399971,38.854344025173454,35.42680663377937,37.52556984039739,37.51337616966239,37.51337572308355
48,67.30558918127025,36.27266356946004,35.83102564318184,36.27266356946007,36.272663569460065,36.272663352380135,38.54421402484096,36.88711630827667,37.11820936315496,37.15165550548004,37.1516416453897
49,67.71984071223764,35.89825570481803,36.460541850860096,35.89825570481806,35.89825570481806,35.898255487738126,38.23423545488669,37.38570675984001,36.79120922964864,36.78829455557704,36.788304058177054
50,68.13664187293112,35.52256489549834,35.754979250346224,35.52256489549836,35.52256489549835,35.522564678418426,37.924467277164034,35.59069753866282,36.42628772138628,36.4233832123392,36.4233709740341
51,68.55600835577731,35.14563126426839,35.531904772405404,35.14563126426842,35.14563126426841,35.1456310471885,37.614970040071334,35.29307344504435,36.06504925885238,36.05686846873427,36.05685100998917
52,68.97795594978629,34.7674967639754,34.241921029694616,34.76749676397543,34.76749676397543,34.767496546895515,37.30580588133133,35.47179673785853,35.728544042159584,35.68875692347465,35.68875341057911
53,69.40250054114595,34.38820520111454,34.543901717162505,34.38820520111455,34.388205201114545,34.388204984034616,36.99703852710052,35.632864134596964,35.331464428480096,35.31909378236543,35.31908807185223
54,69.829658113821,34.00780225716007,35.27445759779146,34.007802257160094,34.00780225716009,34.00780204008016,36.68873328693566,35.15192475241674,34.935643851898234,34.9478676752622,34.947865566349904
55,70.25944475015328,33.6263355075156,32.39461375556796,33.62633550751561,33.62633550751563,33.62633529043572,36.380957044314755,33.80227341140334,34.57363106411719,34.575081075148795,34.57509716911792
56,70.69187663146826,33.243854437932576,33.659375549700904,33.243854437932605,33.2438544379326,33.2438542208527,36.07377824184015,34.772174202953785,33.36524117668169,34.20081543167612,34.20079488479465
57,71.12697003868404,32.86041045825528,34.119479481569876,32.86041045825531,32.8604104582553,32.860410241175416,35.76726686086824,34.35087845166217,33.82384997732589,33.82496929416811,33.82497147583335
58,71.56474135292426,32.47605691334825,30.90056822165429,32.47605691334825,32.47605691334827,32.476056696268394,35.46149439488021,33.03979710109036,33.50446885976759,33.44763208403979,33.44764049191502
59,72.00520705613464,32.09084909106572,32.673686262089326,32.090849091065685,32.090849091065714,32.0908488739858,35.15653381564115,33.26003948287386,32.84445345962793,33.06877825824747,33.0688163006133
60,72.44838373170452,31.704844227124347,31.392224884284342,31.704844227124347,31.704844227190474,31.70484401004446,34.8524595317307,33.46617188439945,32.65492992627024,32.68848738925068,32.68851411937596
61,72.89428806508973,31.318101506749514,31.572551185274946,31.318101506749514,31.318101506749528,31.31810128966963,34.549347337122775,32.565059770797916,32.33908214666765,32.306740297939335,32.306750048895
62,73.34293684444168,30.930682062960514,30.62313551832811,30.93068206296052,30.93068206296053,30.93068184588065,34.247274353240215,31.264299658240553,31.935594990167417,31.9235488350119,31.92354110793585
63,73.79434696123938,30.542648971375023,31.108141140536794,30.542648971374994,30.542648971375034,30.54264875429517,33.94631895575768,31.416910290838352,31.535019140759182,31.538898650281986,31.538905269707968
64,74.24853541092494,30.154067241412392,30.388254248744676,30.154067241412392,30.1540672414124,30.15406702433248,33.64656069234238,31.610013286737566,31.151756324901278,31.152869636438304,31.15286149986003
65,74.70551929354464,29.76500380378321,29.95215627959925,29.765003803783202,29.765003803783234,29.765003586703333,33.34808019018884,30.16568217232656,30.882053483514426,30.765436582220907,30.76542979618975
66,75.16531581439104,29.375527494163215,28.515853500555714,29.375527494163208,29.375527494163236,29.37552727708335,33.0509590237832,30.47066524169491,30.38507459618843,30.376641985043033,30.376631230167632
67,75.62794228465191,28.985709032949657,28.939176254710706,28.985709032949664,28.98570903294967,28.985708815869803,32.75527962649178,30.838987075656323,29.98461942999753,29.98648622953651,29.986487990375135
68,76.09341612206167,28.59562100101462,28.86104301316092,28.595621001014614,28.595621001014653,28.595620783934795,32.461125102726704,28.88532190002744,29.606471832217913,29.59503215477934,29.59502342797127
69,76.56175485155718,28.20533781137385,29.431665124132405,28.205337811373838,28.205337811373845,28.20533759429401,32.16857907888077,29.156613393570094,29.20693870153795,29.202261365713436,29.202262104306303
70,77.03297610593728,27.814935676700458,27.90181038179615,27.81493567670048,27.814935676700475,27.81493545962058,31.877725506384536,27.982310357662964,28.81234530568682,28.808228648087162,28.808229840811595
71,77.50709762652772,27.42449257262262,27.80741012474088,27.42449257262259,27.424492572622626,27.424492355542746,31.588648441232316,28.476299588508013,28.426634422279264,28.41282858560721,28.412953771303428
72,77.98413726384751,27.034088196757736,27.47938771855375,27.03408819675773,27.034088196757747,27.03408797967788,31.301431793463173,28.750374416246764,28.01092955558552,28.01646779907731,28.016462396852443
73,78.4641129782821,26.643803923440977,25.38056657643769,26.643803923440977,26.643803923440995,26.643803706361155,31.016159041054884,26.766790412427877,27.68490609852867,27.61877820034163,27.61878564337688
74,78.94704284075921,26.253722754124247,26.45934761302502,26.253722754124233,26.253722754124265,26.253722537044442,30.73291290435975,27.290168470924417,27.233004388595305,27.21996060587639,27.21995492213656
75,79.43294503342905,25.863929263429945,25.180892685618705,25.863929263429945,25.863929263429963,25.863929046350073,30.451774974615873,27.313746578482974,26.822403395286543,26.820012383029486,26.820003193315348
76,79.92183785034987,25.474509540856715,25.34440630792539,25.474509540856708,25.474509540856722,25.474509323776857,30.172825290103134,26.134847255441493,26.41968089306586,26.4189498984021,26.418965032896054
77,80.41373969817514,25.0855511281514,24.1721869431974,25.08555112815141,25.08555112815142,25.085550911071557,29.89614185093913,25.608443249115062,26.013668113634424,26.016876631847158,26.01687670305205
78,80.90866909684762,24.697142952367628,26.093420304207353,24.69714295236762,24.697142952367642,24.69714273528781,29.621800063677895,24.852957621797987,25.656519529207642,25.613777542251693,25.613776226294103
79,81.40664468029634,24.309375254652437,23.793264192210017,24.309375254652437,24.309375254652448,24.30937503757264,29.349872101105767,25.797600991733095,25.214310566602023,25.20969362425074,25.20970346363765
80,81.90768519713824,23.922339514812087,24.695422923758468,23.922339514812094,23.922339514812105,23.92233929773231,29.08042616262147,23.647963857273805,24.821128858307674,24.804692723880446,24.80470019707621
81,82.41180951138362,23.536128371724097,23.89617297724092,23.53612837172409,23.536128371724104,23.53612815464424,28.81352561916632,24.063668979686653,24.39243863982705,24.398817673687343,24.39881021667472
82,82.91903660314772,23.150835539674965,23.0636245937294,23.150835539674937,23.15083553967498,23.150835322595128,28.54922801015109,23.73006286736533,24.003152942210278,23.9920804781464,23.99207941262485
83,83.42938556936335,22.766555720722508,22.7091961236473,22.766555720722508,22.766555720722522,22.766555503642692,28.287583866656433,25.014548178924294,23.584448262078766,23.584552873686825,23.5845558726403
84,83.94287562450123,22.383384513188126,23.340230471207732,22.38338451318814,22.383384513188158,22.383384296108346,28.028635316382072,22.538215001908515,23.17497031901692,23.17628884396784,23.176289985102585
85,84.45952610129301,22.001418316406976,21.451813206600054,22.00141831640699,22.001418316406983,22.001418099327203,27.77241440682821,24.01215994456749,22.776336843134573,22.767332834603426,22.767334548414073
86,84.9793564514589,21.62075423187345,21.29301817495275,21.62075423160352,21.620754231873462,21.620754014793594,27.51894106673045,22.408166744098317,22.357728148178325,22.357744854599893,22.35774488705916
87,85.50238624644118,21.2414899609346,21.323955828174917,21.241489960934608,21.241489960934626,21.241489743854785,27.26822060882759,21.453172670838665,21.948371672517553,21.947572822228892,21.947578974927783
88,86.02863517813927,20.863723699201422,20.030557032074327,20.863723699201437,20.863723699201447,20.86372348212163,27.020240534932142,21.69802487974156,21.535728785165986,21.53690010041847,21.536897566517283
89,86.55812305965233,20.48755402785497,20.133404786102904,20.487554027854976,20.48755402785499,20.487553810775196,26.77496641592029,21.443612057407254,21.133176736245474,21.125768923423955,21.12576433669283
90,87.09086982602494,20.11307980204498,19.380769426211568,20.113079802044986,20.11307980204499,20.113079584965217,26.53233667859481,20.892053839508915,20.71299283825249,20.714247908609703,20.714246029767956
91,87.6268955349976,19.74040003658731,20.49430162626516,19.74040003658731,19.740400036561038,19.740399819507573,26.292254417033767,19.29552084405497,20.301614742106366,20.302413519384643,20.302412618752363
92,88.16622036776161,19.369613789180733,19.346022438327594,19.369613789180733,19.36961378918074,19.369613572100906,26.054576668751608,21.071049848148387,19.887649641397246,19.89033901746231,19.890337475716603
93,88.70886462972014,19.000820041373927,18.75811642766687,19.00082004137394,19.000820041373952,19.00081982429414,25.819096021043258,19.301887183758144,19.4799989201488,19.478099732410005,19.47809755433802
94,89.25484875125082,18.6341175775298,20.256030406750465,18.634117577529814,18.634117577529814,18.63411736045002,25.585507376662612,20.285026781032265,19.068093672406945,19.06577434210598,19.06577358582889
95,89.80419328847624,18.26960486203695,18.209143931815756,18.269604862036942,18.26960486203696,18.269604644957194,25.353331850386823,18.001494569557856,18.655410339010672,18.65345018132312,18.653450289598442
96,90.3569189240375,17.907379915036664,19.163644017089798,17.907379915036664,17.907379915036675,17.907379697956937,25.121569205918405,18.008601125205654,18.330336582094546,18.241213683195408,18.24121660018448
97,90.91304646787266,17.547540186937766,16.93653870712554,17.547540186937773,17.547540186937802,17.547539969857972,24.888911040437378,18.176440184289284,17.844491653199654,17.829161703858805,17.82916591219742
98,91.47259685800142,17.190182432001173,17.13253086151806,17.190182432001187,17.190182432001194,17.19018221492139,24.656496885793338,17.568559713514222,17.41180160943351,17.41739897742101,17.41739634526588
99,92.0355911613116,16.835402581286935,16.464609131933493,16.835402581286942,16.83540258128694,16.835402364207162,24.424810383689724,15.93732724775353,17.005191046919123,17.006011908848254,17.00601103126307
100,92.60205057435353,16.48329561525687,16.646024943344486,16.48329561525687,16.483295615256896,16.48329539817714,24.19409129007247,16.93907850468387,16.59551254849491,16.595120274938367,16.595118426431586
101,93.17199642413773,16.13395543633829,16.9624246832594,16.133955436338297,16.1339554363383,16.13395521925857,23.96449235521643,16.37986691409347,16.187488807869002,16.184834273536907,16.184832651432835
102,93.745450168938,15.787474741754558,15.57594741355329,15.787474741754544,15.787474741754565,15.787474524674858,23.736121468022993,16.764051570478294,15.776213531824851,15.775275444821325,15.775273862829167
103,94.32243339909884,15.44394489693449,16.036878072814975,15.443944896934497,15.443944896934505,15.443944679854711,23.509059425416943,15.761671123076558,15.366376824618257,15.366568063067483,15.3665686600883
104,94.90296783784973,15.103455809812523,14.918384215521812,15.10345580981253,15.103455809812543,15.10345559273277,23.28336904697788,15.315955239420369,14.959381950911052,14.958852080038787,14.958850532900513
105,95.487075342121,14.76609580633798,13.993121683322663,14.766095806337987,14.766095806337997,14.766095589258256,23.059100437153397,15.199847713825728,14.552199334548021,14.552264985030124,14.55226035445311
106,96.07477790336802,14.43195150750497,15.298154635387663,14.431951507504976,14.431951507504987,14.431951290425268,22.836294278731593,14.806313630820597,14.146158300562462,14.146948002782494,14.14694692734667
107,96.66609764839892,14.101107708220752,14.399211583979868,14.10110770822076,14.101107708220761,14.101107491141066,22.614984020191695,13.793801870022255,13.743082286748617,13.743068394631996,13.743067590125342
108,97.26105684020722,13.773647258324324,13.771778134786286,13.773647258324317,13.773647258324337,13.773647041244551,22.39519739590824,13.017815589267665,13.340269190660777,13.340789883789778,13.340788893987881
109,97.85967787881145,13.449650946064367,13.238978080394737,13.44965094606438,13.449650946064382,13.449650728984627,22.176957522367903,12.142575745525214,12.940909923471224,12.94029056302278,12.940287361244444
110,98.4619833020965,13.12919738434487,13.321811075078504,13.129197384344884,13.12919738434489,13.129197167265154,21.96028371228234,12.299023484297386,12.541653281859581,12.54175136227286,12.54175033961074
111,99.06799578666337,12.812362900034941,12.661637529110084,12.812362900034934,12.812362900034941,12.812362682955236,21.745192094837662,12.30909399132907,12.14160443481343,12.145378053859524,12.145376969650435
112,99.6777381486828,12.49922142663948,12.111407894343332,12.499221426639487,12.499221426639501,12.499221209559817,21.531696098158967,11.748457297748965,11.75099398904048,11.751380636300516,11.75137928683368
113,100.29123334475412,12.189844400615947,12.223675510524194,12.189844400615947,12.189844400615955,12.189844183536298,21.319806831494105,11.60786747894963,11.360490867219589,11.359986141304525,11.359983485097207
114,100.9085044727693,11.884300661614418,12.258645122785577,11.88430066161444,11.884300661614436,11.884300444534693,21.109533393488558,10.337352976802787,10.963287854272622,10.97143268639368,10.971431375950615
115,101.52957477278396,11.582656356908295,11.959794785314148,11.582656356904948,11.582656356908316,11.582656139828599,20.900883123605315,10.501687118168933,10.586088032307764,10.585983187146027,10.585982086761039
116,102.15446762789024,11.284974850274416,11.200134525709306,11.284974850276832,11.284974850274418,11.284974633194725,20.693861810284673,10.59935140550311,10.206411310045695,10.203915758935437,10.20391405489106
117,102.78320656509858,10.991316635564239,11.565888915793023,10.991316635564246,10.991316635564251,10.99131641848458,20.488473865192436,9.871809082670184,9.824197116101267,9.825535383548338,9.825527392404181
118,103.41581525622313,10.701739255201055,9.954359412709277,10.701739255201055,10.701739255201064,10.701739038121417,20.284722470338554,9.530630277010793,9.450717199365833,9.451148138372208,9.45114672149482
119,104.05231751877264,10.416297223820187,10.437937462290513,10.416297223820187,10.416297223820195,10.416297006740466,20.082609703841843,9.33820835635532,9.081426115907867,9.081126494687133,9.081124617447543
120,104.69273731684868,10.135041957255666,10.57302975883121,10.135041957255673,10.135041957255682,10.13504174017598,19.88213664793611,7.662502657209968,8.708920816906037,8.715847667090049,8.715845850027426
121,105.33709876204557,9.858021707064005,9.60767935218321,9.858021707064005,9.858021707064013,9.858021489984331,19.68330348426685,9.22369587702458,8.355836156774721,8.355734622059481,8.355732696310076
122,105.98542611435978,9.585281500753958,9.451657416326997,9.585281500753972,9.585281500753982,9.585281283674323,19.486109568299955,7.489088903623426,8.001270369581839,8.001254116681773,8.001251726656239
123,106.63774378310286,9.316863087880577,9.513011867243282,9.316863087880584,9.316863087880595,9.31686287080096,19.29055351615195,7.391946065732492,7.653003575884689,7.652925105233168,7.652922675031868
124,107.29407632782043,9.052804892140067,10.075442306358052,9.052804892140074,9.052804892143062,9.052804675060468,19.096633253364406,7.158173110789156,7.312231638940972,7.311333180927365,7.311330361558362
125,107.95444845921655,8.793141969586394,9.078111940774695,8.7931419695864,8.793141969588964,8.793141752506719,18.90434607891747,8.454846291229101,6.977117531086456,6.977144364347436,6.977141276450618
126,108.61888504008547,8.537905973070131,8.084889058610067,8.537905973068746,8.537905973070146,8.537905755990478,18.713688714317243,6.920064795773416,6.651116743194514,6.651131319583046,6.6511276679850875
127,109.28741108624551,8.287125122984747,8.049415707402787,8.287125122984754,8.287125122984762,8.287124905905124,18.52465734899504,5.6442002012296975,6.334203617335987,6.3342089724736015,6.3342045638985365
128,109.96005176748241,8.040824184381243,8.301300431267002,8.040824184381243,8.040824184381254,8.040823967301634,18.337247681344962,5.471618021143942,6.0275218238600345,6.027496832804639,6.0274912441528175
129,110.63683240849655,7.79902445049774,7.39808123467987,7.79902445049774,7.79902445049775,7.799024233418155,18.151454955643036,5.603796439937714,5.73230517270617,5.732433018428449,5.732425580386372
130,111.31777848985601,7.5617437327284875,8.050211351527278,7.5617437327284875,7.561743732728493,7.561743515648826,17.967273995951633,5.1773605323804635,5.451032394498775,5.45103178433529,5.451020791197802
131,112.00291564895757,7.328996357036935,7.898578022370534,7.328996357036949,7.32899635703695,7.328996139957305,17.784699236782743,4.662923870763379,5.18676231810246,5.186762734575303,5.186759192382221
132,112.6922696809895,7.100793166801196,6.947825797489768,7.100793166801189,7.100793166801206,7.100792949721582,17.603724751270512,5.135170644382113,4.947348453460108,4.947299009885944,4.9473196062554985
133,113.38586653990431,6.877141532055482,6.787327237889213,6.877141532055489,6.877141532055496,6.877141314975892,17.42434427702203,3.960655538378703,4.72765488374673,4.72753954092792,4.727549594744536
134,114.08373233939561,6.658045365077427,6.901688686914682,6.6580453650774345,6.6580453650774425,6.658045147997861,17.246551239913636,4.032529372696315,4.522598059406533,4.522606794961465,4.522613182367942
135,114.78589335388118,6.44350514224864,5.784177079079309,6.44350514224864,6.443505142248652,6.443504925169092,17.070338776018417,4.1792794539583795,4.330279343133153,4.330248720289859,4.330253383259913
136,115.4923760194918,6.233517932098849,6.5428943556388965,6.233517932098849,6.23351793209885,6.233517715019228,16.895699752009037,4.798087848217223,4.148902788836452,4.148952987784595,4.148956501678772
137,116.20320693506828,6.028077429424648,6.855332030788166,6.0280774294246555,6.028077429424659,6.028077212345057,16.722626783932498,4.240092680038459,3.977564254697384,3.9775828154025605,3.9775856720523164
138,116.91841286316034,5.827173995358848,5.825672797109929,5.827173995358862,5.827173995358864,5.827173778279281,16.551112254769833,4.073698377752434,3.815262212421846,3.8152319587881,3.8152343623467404
139,117.63802073103591,5.630794703244778,4.498434686048363,5.6307947032447885,5.63079470324479,5.630794486165229,16.381148330741482,3.659301863135819,3.6611262471643293,3.6611500569031277,3.6611520497614305
140,118.36205763169447,5.438923390158184,5.100027136185169,5.4389233901581875,5.4389233901581875,5.438923173078646,16.21272697653216,3.475455830048916,3.5151177385433954,3.514699423119529,3.5147011084590036
141,119.09055082488719,5.251540713900582,5.652172534725345,5.251540713900582,5.251540713900594,5.251540496821071,16.045839969611315,3.1207564512278103,3.3754514455746296,3.3753280349523025,3.3753295019566814
142,119.8235277381427,5.068624215274291,6.004383591165642,5.068624215274298,5.0686242152743,5.06862399819472,15.880478913324723,2.929922364799834,3.242476376505053,3.2425508365995555,3.242552364083818
143,120.56101596780154,4.890148385433818,4.462449631050126,4.890148385433822,4.890148385433831,4.890148168354267,15.716635249652061,3.2926683270371937,3.1159362968782176,3.1159374201171213,3.1159389723246314
144,121.3030432800525,4.71608473809783,5.361618528897284,4.716084738097834,4.716084738097838,4.716084521018294,15.554300270795832,2.8821848925514058,2.9965970634256607,2.995101934267472,2.9951031865311486
145,122.04963761197985,4.546401886389273,4.383426702157818,4.546401886389273,4.546401886389281,4.546401669309759,15.393465130240063,2.5459576899507477,2.879734663276551,2.8796951991075854,2.8796962181653516
146,122.80082707261454,4.381065624063922,4.622082335020971,4.381065624063922,4.381065624063925,4.381065406984423,15.234120853133321,2.4403654962726673,2.7681081494796302,2.7693998018094446,2.7694010256967965
147,123.55663994399224,4.220039010874693,4.3080435029626125,4.220039010874693,4.220039010874707,4.220038793795151,15.076258346070931,3.2422569382419746,2.6640410279549798,2.6639276297105092,2.6639278798397767
148,124.31710468221979,4.063282461810218,4.3628456301665945,4.063282461810228,4.063282461810231,4.063282244730694,14.91986840633754,2.4952073198386784,2.563930015441116,2.563010179131556,2.5630107922945244
149,125.082249918544,3.910753839939158,4.092408461866818,3.9107538399391615,3.9107538399391637,3.910753622859646,14.764941730680919,2.497608418668093,2.4636294512515633,2.466403272297021,2.466404596050798
150,125.85210446043132,3.7624085525817286,4.294878885440456,3.762408552581732,3.762408552581729,3.7624083355022266,14.611468923210333,2.7599576699794692,2.356794704145381,2.3738822072349617,2.3738825267792403
151,126.62669729265201,3.6181996505267264,2.9842220164676196,3.6181996505267335,3.618199650526733,3.618199433447249,14.459440503894417,2.2600693682537827,2.287116979728932,2.285234175091647,2.2852341960533398
152,127.40605757837139,3.478077930005437,3.4632662083388905,3.4780779300054405,3.4780779300054414,3.478077712925974,14.308846915232365,1.6696379648529998,2.200110517272254,2.200263241971722,2.200263875496213
153,128.1902146602474,3.3419920371304883,3.171497878688503,3.3419920371304954,3.341992037130503,3.3419918200509926,14.159678529613634,2.3022290738753797,1.9864060474341603,2.1187875868055106,2.1187890308906865
154,128.97919806153712,3.209888574504614,3.075338551063044,3.2098885745046104,3.209888574504625,3.2098883574251307,14.011925655870009,2.213620288496856,2.0397062379416884,2.0406387159845987,2.0406390596018924
155,129.77303748720558,3.081712209703678,2.622142817917771,3.0817122097036744,3.0817122097036855,3.0817119926242094,13.8655785455701,1.2657789451597148,1.96739573427217,1.965654169159464,1.9656541951140947
156,130.5717628250461,2.9574057853355527,3.0234361091480695,2.957405785335556,2.957405785335563,2.957405568256101,13.720627398991951,1.5160689201901119,1.8941274712681686,1.8936848614536965,1.8936845502394526
157,131.37540414680484,2.836910430379234,3.057201813458588,2.836910430379234,2.836910430379248,2.8369102132998023,13.57706237079661,1.922282710109156,1.8238502360338202,1.8245879797886342,1.8245892763961058
158,132.18399170931275,2.7201656725087204,2.8885931298629473,2.720165672508724,2.7201656725087213,2.7201654554292394,13.434873575316786,2.1880038333694984,1.7538468643409075,1.7582357932111903,1.7582358208062174
159,132.99755595562652,2.6071095511087528,2.6814881594595885,2.6071095511087563,2.6071095511087568,2.6071093340292895,13.294051092200833,1.5567249547857958,1.6948321495063219,1.6944986335785897,1.6944992669021905
160,133.81612751617192,2.4976787306946875,2.7293795473442763,2.4976787306946946,2.497678730694695,2.4976785136152437,13.154584970240961,1.6842480221893346,1.6325924896816932,1.6332605958221265,1.6332617459116203
161,134.63973720989895,2.3918086144505004,2.5088865711786092,2.391808614450497,2.391808614450509,2.3918083973710735,13.016465233068622,1.615635734228707,1.5738140243051202,1.5744124322249362,1.5744119097053082
162,135.46841604544161,2.2894334576072133,2.042998980441451,2.2894334576072097,2.2894334576072146,2.2894332405277917,12.879681883036675,1.2817893254775419,1.5173871603321327,1.517844855817477,1.517844456674695
163,136.3021952222855,2.190486480388751,2.601373326548053,2.1904864803887474,2.1904864803923356,2.1904862633093467,12.744224905528776,1.0582552923433002,1.4645475684077347,1.4634581819953476,1.4634597037540855
164,137.14110613194185,2.0948999802601893,2.261247217323709,2.094899980260182,2.0948999802601946,2.0948997631807544,12.610084272961997,1.1400173087233745,1.4099484505149444,1.411163495882724,1.411163198794421
165,137.98518035913142,2.0026054432206237,1.9674647864543937,2.0026054432206024,2.002605443220613,2.0026052261411884,12.477249948598917,1.210605829955614,1.354206184839315,1.3608635378132459,1.360865368384269
166,138.8344496829707,1.9135336538930972,1.568182182006692,1.9135336538930776,1.9135336538930936,1.9135334368136834,12.345711890180059,1.5003567112550993,1.3125514283866027,1.31248061560986,1.3124811969433245
167,139.6889460781704,1.8276148041716436,1.8334269737369018,1.8276148041716453,1.8276148041716558,1.8276145870922602,12.215460053384334,1.4117074712316469,1.2657700895377992,1.2659324848196931,1.2659299335157201
168,140.54870171623867,1.7447786001970744,1.4413559006588474,1.744778600197085,1.7447786001970869,1.744778383117703,12.08648439512697,1.3077794349673904,1.2179284267472177,1.2211340780257356,1.221134823190995
169,141.41374896669197,1.6649543674431655,1.913419612841665,1.6649543674431673,1.6649543674431737,1.6649541503637677,11.958774876702629,1.457549582320258,1.1791700856418048,1.1780168193058012,1.1780228604986052
170,142.28412039827575,1.5880711537061085,1.3505903947333633,1.5880711537061032,1.5880711537061176,1.5880709366267247,11.832321466770237,0.8826154939879675,1.1330691777334048,1.1365284243907037,1.1365245624728795
171,143.15984878018756,1.514057829802498,1.4936298478473082,1.5140578298024874,1.5140578298024994,1.5140576127231191,11.707114144428237,0.8444802189702452,1.0952040023797425,1.0965725180569652,1.0965737593820473
172,144.04096708331292,1.4428431877916097,1.2991444854948602,1.4428431877916026,1.4428431877916188,1.44284297071225,11.583142900989035,1.2909661695620773,1.0581077263424907,1.0581060247534242,1.0581074013661846
173,144.9275084814661,1.374356036552058,1.1307955895998647,1.3743560365520473,1.3743560365520646,1.37435581947271,11.460397744376419,1.7750383346777432,1.0196602705260709,1.0210662757351132,1.0210653794435085
174,145.81950635263908,1.3085252945541175,1.3331124474103875,1.308525294554098,1.3085252945541164,1.3085250774747728,11.3388686998288,0.9703623205519822,0.9791742184928776,0.9853896064295556,0.9853903595277345
175,146.7169942802578,1.2452800796827983,1.4137064451924992,1.2452800796827752,1.2452800796827974,1.2452798626034352,11.218545813134302,0.4535916802601003,0.9542497607537568,0.9510307237625965,0.9510276282569412
176,147.62000605444854,1.1845497959792066,1.0721378156342414,1.1845497959791853,1.1845497959792084,1.18454957889986,11.09941915269944,1.4474114804352078,0.917447173395229,0.9179286766868335,0.9179249495702412
177,148.52857567330702,1.126264217181733,1.3460399848582363,1.1262642171817276,1.1262642171817416,1.1262640001024031,10.981478811688195,1.5656186662216514,0.8858150986416273,0.8860325946591755,0.8860324310865134
178,149.4427373441805,1.0703535669605788,0.9395908470251743,1.070353566960554,1.0703535669605733,1.0703533498812472,10.864714910058902,0.7979683780452739,0.8551198702816505,0.8553067821192598,0.8553023994415279
179,150.36252548495517,1.016748595753496,1.2018242371061094,1.0167485957534765,1.0167485957534927,1.0167483786741778,10.749117596504451,0.6637331529392996,0.8252187947770198,0.8256879857477841,0.825689283829177
180,151.28797472535146,0.9653806541233401,0.9530165330682657,0.9653806541233241,0.9653806541233448,0.9653804370440177,10.634677050299588,0.7121483377603861,0.7994580285312978,0.7971602994355114,0.7971495070704593
181,152.21911990822989,0.9161817625705124,0.6365314522777088,0.9161817625705044,0.9161817625705163,0.9161815454912007,10.521383483058946,0.8357857843029199,0.7617138763103837,0.7696430583963695,0.7696413836023047
182,153.15599609089972,0.8690846777472698,1.0919830190919226,0.8690846777472601,0.8690846777472679,0.8690844606679626,10.409227140410515,0.41609037594837417,0.7586198208054951,0.7431281384777276,0.7431250238386413
183,154.0986385464411,0.8240229550322802,0.6373278843525046,0.8240229550322606,0.8240229550322822,0.824022737952989,10.298198303586823,0.7402374281962554,0.7176557734359506,0.7175614321321382,0.717562244409093
184,155.04708276503237,0.7809310074372027,0.5573040007598485,0.7809310074372213,0.7809310074372039,0.7809307903579219,10.18828729093821,0.6302173787896747,0.6870955836326593,0.6929164617626709,0.6929164838278551
185,156.00136445528636,0.739744160828308,0.5638245269501767,0.7397441608283195,0.7397441608283092,0.7397439437490356,10.079484459381046,0.4756475170000443,0.6697722076118549,0.6691559390603234,0.6691527231869353
186,156.96151954559423,0.7003987054583796,0.46587573944107846,0.700398705458392,0.7003987054583855,0.7003984883791039,9.971780205723164,0.47339251803330157,0.6577848575395975,0.6462416907188662,0.6462374115050381
187,157.9275841854804,0.662831943815009,0.5240587251511822,0.6628319438150259,0.6628319438150124,0.6628317267357412,9.865164968027143,0.25355871097181965,0.6218519422768511,0.624142404412431,0.6241383953964023
188,158.89959474696025,0.626982234802731,0.5578706248205697,0.6269822348027478,0.6269822348027317,0.6269820177234714,9.759629226779708,0.7219192952801267,0.5745243849526553,0.6028785886603736,0.6028248527535176
189,159.87758782591163,0.5927890342862963,0.5949761176313382,0.5927890342863087,0.592789034286295,0.5927888172070452,9.655163506102788,0.3877198407245669,0.5866014269397235,0.5822671661596761,0.5822672301639663
190,160.86160024345227,0.5601929320328427,0.5802137680021908,0.5601929320328702,0.5601929320328468,0.5601927149536058,9.551758374829538,0.4480467479255541,0.5696269372168201,0.562439792592616,0.5624371838054499
191,161.8516690473254,0.5291356850999271,0.32754130076666405,0.5291356850999342,0.5291356850999289,0.5291354680206828,9.44940444758237,0.5459377380834363,0.5403329017064507,0.5433101859187155,0.5433075235843876
192,162.84783151329694,0.49956024772512553,0.5437527859258764,0.49956024772516283,0.4995602477251266,0.49956003064589233,9.34809238572728,0.36163455975833236,0.4723324287481989,0.5248528435566042,0.5248521603026189
193,163.8501251465555,0.47141079778190687,0.4479380858564685,0.47141079778192196,0.4714107977819071,0.47141058070268144,9.24781289833566,0.4436027591804792,0.5084337711374673,0.5070434804543538,0.5070460556541952
194,164.85858768312667,0.4446327598733726,0.43958650353141304,0.44463275987336637,0.44463275987337336,0.4446325427941569,9.148556743062965,0.5426566042925137,0.4695899549905804,0.48986100769820046,0.4898651748698237
195,165.8732570912932,0.41917282514361,0.4890272748557496,0.4191728251435993,0.41917282514360893,0.41917260806440254,9.0503147269838,0.2355131721894867,0.47091617088022364,0.4732823886642877,0.47328644184081103
196,166.8941715730245,0.3949789678925,0.3519093236946203,0.3949789678925173,0.3949789678925052,0.39497875081330797,8.953077707378831,0.3661815298712826,0.45626110191872193,0.45728860461159443,0.45728769656720947
197,167.92136956541438,0.37200045908626356,0.23438654768260692,0.37200045908627866,0.37200045908626417,0.3720002420070659,8.856836592475576,0.9026658746047634,0.44238378772235,0.44184918581483956,0.44184765478660454
198,168.9548897421306,0.35018787686117037,0.40076984451608016,0.35018787686117214,0.3501878768611717,0.3501876597819831,8.7615823421444,0.3607982126276024,0.4180738649783069,0.4269443060510043,0.42694586965061615
199,169.99477101486718,0.3294931141234372,0.22870976840694118,0.32949311412343496,0.329493114123439,0.3294928970442606,8.667305968552377,0.539183999445395,0.42663077621772727,0.41256274098907253,0.4125626953259912
200,171.041052534812,0.3098693833518138,0.33483809680124055,0.309869383351824,0.3098693833518147,0.3098691662726456,8.573998536775452,0.18133946783359095,0.4059212729377668,0.3986822698951896,0.39867925240592716
201,172.09377369412007,0.291271218713963,0.3801101917982561,0.2912712187139386,0.29127121871396555,0.29127100163480485,8.481651165377734,0.7328964802538995,0.521322766967576,0.38528030303544836,0.3852773950255006
202,173.1529741273962,0.2736544756105235,0.24147435398947437,0.27365447561053013,0.27365447561052464,0.2736542585313642,8.39025502764507,0.22354178243987124,0.4014634545270881,0.37235481860759573,0.37233967958246494
203,174.2186937131894,0.2569763277634718,0.262509757446585,0.2569763277634589,0.25697632776347307,0.2569761106843227,8.299801348468435,0.21449996517776002,0.3071454326249836,0.359851761020923,0.3598493349714637
204,175.29097257549094,0.24119526196783037,0.13521686670316574,0.24119526196783125,0.24119526196783178,0.24119504488869042,8.210281412182491,0.35367600836758145,0.3339407534549228,0.34779270524204087,0.3477902342460791
205,176.3698510852473,0.22627107062689955,0.08338062821771539,0.22627107062689067,0.22627107062690108,0.2262708535477695,8.121686555441768,0.3868219519999854,0.3596277110431949,0.3361484053952031,0.33614686762874557
206,177.45536986187938,0.21216484219279774,0.26371661842139754,0.21216484219279153,0.2121648421927976,0.21216462511367506,8.03400817155518,0.2776532354007611,0.3210936411256762,0.32490438382180914,0.32490431679398724
207,178.5475697748121,0.1988389496344154,0.07632421388993854,0.1988389496344034,0.19883894963441473,0.1988387325553014,7.947237709968563,0.1253434747659241,0.31719412960877036,0.3140439143546315,0.3140482303552595
208,179.64649194501226,0.18625703705517838,0.15103935867800278,0.18625703705518593,0.186257037055178,0.18625681997606786,7.861366676631381,0.42828949884788875,0.28745194289910203,0.30356039801295026,0.30356480049017803
209,180.7521777465393,0.17438400458265946,0.2897971855870591,0.17438400458265835,0.17438400458265885,0.17438378750355846,7.776386634302453,0.2819390342494505,0.2819250433707754,0.2934450876722799,0.2934407406431032
210,181.86466880809934,0.1631859916514964,0.3788807078872909,0.16318599165150727,0.163185991651498,0.16318577457240588,7.692289202828251,0.2270180880275113,0.3820764728457,0.2836585580548559,0.28366326424792443
211,182.98400701461486,0.15263035879977593,0.19412395888534684,0.1526303587997737,0.15263035879977727,0.1526301417206935,7.609066059393783,0.303053751846952,0.2864936346476974,0.2742161370753731,0.2742200644173568
212,184.11023450880114,0.14268566809771643,0.05858089850687857,0.14268566809767402,0.14268566809771613,0.14268545101864208,7.526708938747878,0.34568540488504984,0.22992728064548018,0.26509992833407486,0.2650992945484918
213,185.2433936927522,0.13332166232561105,0.11911852021854567,0.13332166232559106,0.1333216623256121,0.13332144524654346,7.4452096334035165,0.1618182119487044,0.2585304607751526,0.25628899601879657,0.2562895497973066
214,186.38352722953985,0.12450924301575861,0.10370462448450926,0.12450924301573907,0.12450924301575872,0.12450902593669742,7.364559993814032,0.27577433274281854,0.26434428335812865,0.2477854208287388,0.24777984937772968
215,187.53067804481606,0.11622044747075111,0.060625666125737436,0.11622044747071048,0.11622044747075237,0.11622023039170051,7.284751928526683,0.18934588606114922,0.2542409999712676,0.23956610582183346,0.23955961964351363
216,188.68488932843167,0.1084284248676588,0.22498055520986615,0.10842842486761461,0.10842842486765909,0.10842820778861634,7.205777404313593,0.32766550940965194,0.24085744913006724,0.23162301780883268,0.23161867791356844
217,189.8462045360618,0.10110741155469727,0.07131467719618831,0.10110741155464908,0.10110741155469684,0.10110719447566474,7.127628446281596,0.17448566760398937,0.22330862730948708,0.22394602079341586,0.2239472170037792
218,191.01466739084205,0.09423270564378039,0.13432368854498178,0.09423270564379416,0.09423270564378228,0.09423248856475776,7.050297137961529,0.07148886456945994,0.18180702866796805,0.2165389441386662,0.2165357904303911
219,192.19032188501382,0.0877806409988906,0.3137368213570109,0.08778064099889993,0.08778064099889131,0.08778042391987415,6.973775621377371,0.34732445173477133,0.20611750632285686,0.2093843698555112,0.20937529825209958
220,193.37321228158342,0.08172856071662493,0.11152858865206898,0.08172856071700907,0.08172856071662475,0.08172834363761652,6.89805609709777,0.11862494649456158,-0.07239739853386773,0.20247058833993373,0.20245697351977776
221,194.5633831159845,0.07605479019160377,0.17727291303264803,0.07605479019201844,0.07605479019160445,0.07605457311260444,6.823130824268001,0.22077212300441057,0.20292399944367912,0.1957765883188033,0.19577236930458036
222,195.76087919775748,0.07073860985543623,0.0420530640498824,0.07073860985587421,0.07073860985543692,0.0707383927764457,6.748992120624066,0.23692695447004128,0.1890706390214627,0.189315648219344,0.18931334627671814
223,196.96574561223588,0.06576022767408518,0.07900360922760451,0.06576022767411904,0.06576022767408521,0.06576001059510347,6.675632362491028,0.16336975419973535,0.18356472664209933,0.1830777902972157,0.18307206080876684
224,198.1780277222432,0.06110075148436478,0.016649164082822302,0.06110075148438565,0.06110075148436476,0.06110053440538945,6.603043984860522,0.28046892384542155,0.19861747042766742,0.17704191986950518,0.17704095357876223
225,199.39777116980346,0.05674216124619125,0.14580591073733581,0.0567421612462623,0.056742161246191886,0.056741944167225174,6.5312194809614965,0.3821817149896742,0.17690456553956246,0.17120907361773866,0.171212738649693
